antecedent,consequent,confidence,supAntecedent
14,spotify:track:3b00LSFIRqnHvkoDEs5fkg,1.0,2
2016,spotify:track:40YcuQysJ0KlGQTeGUosTC,0.6666666666666666,3
80s,spotify:track:4y1LsJpmMti1PfRQV9AWWe,1.0,2
80s,spotify:track:2WfaOiMkCvy7F5fcp2zZ8L,1.0,2
80s,spotify:track:0vOkmmJEtjuFZDzrQSFzEE,1.0,2
80s,spotify:track:5ChkMS8OtdzJeqyybCc9R5,1.0,2
80s,spotify:track:4McRlwqJQIERlJFiJEgbP0,1.0,2
80s,spotify:track:2374M0fQpWi3dLnB54qaLX,1.0,2
80s,spotify:track:7LoGfKBAaOl0nxhodJ1240,1.0,2
80s,spotify:track:3VZmChrnVW8JK6ano4gSED,1.0,2
80s,spotify:track:0RMo4bixbZYfzuJ4AYBLu9,1.0,2
80s,spotify:track:53Za5vyGc1x7GxgJVRjRKc,1.0,2
90s,spotify:track:4o7ZPI2fmEi3piRe0Hrfpy,0.8,5
90s,spotify:track:42et6fnHCw1HIPSrdPprMl,0.8,5
90s,spotify:track:2hdhm6piUJnmKXmEmskXCg,0.8,5
90s,spotify:track:5qqabIl2vWzo9ApSC317sa,0.6,5
90s,spotify:track:0z1b34WikhOH9ZxU8QDWcv,0.6,5
90s,spotify:track:5DiXcVovI0FcY2s0icWWUu,0.6,5
90s,spotify:track:0cuq829zRNq4AEdmDJA4aw,0.6,5
90s,spotify:track:020gYw7juUaNs2tLYMlfms,0.6,5
90s,spotify:track:7fURZRPkB2S70sYR1naKTK,0.6,5
90s,spotify:track:5qqabIl2vWzo9ApSC317sa,1.0,3
90s,spotify:track:3cfOd4CMv2snFaKAnMdnvK,0.6666666666666666,3
90s,spotify:track:1Jaah2tmN9Hv81A87KZ1MU,0.6666666666666666,3
90s,spotify:track:5wTMQjEx9LWeFwLjolPCUy,0.6666666666666666,3
90s,spotify:track:12qZHAeOyTf93YAWvGDTat,0.6666666666666666,3
90s,spotify:track:0u4htORODiTK9vHVA89MQX,0.6666666666666666,3
90s,spotify:track:4ARhdB2FzpXcko8T03YVen,0.6666666666666666,3
90s,spotify:track:4EnkwZd0UJAuHpNMMemQaA,0.6666666666666666,3
90s,spotify:track:2hdhm6piUJnmKXmEmskXCg,0.6666666666666666,3
90s,spotify:track:36bOT34EdRNrNhCWMwNJKu,0.6666666666666666,3
90s,spotify:track:2oxWmwLmnVkBujTbllajwo,0.6666666666666666,3
90s,spotify:track:754kgU5rWscRTfvlsuEwFp,0.6666666666666666,3
90s,spotify:track:2Z2vOukzwOgqR4dkymRSWd,0.6666666666666666,3
acoustic,spotify:track:2jyjhRf6DVbMPU5zxagN2h,1.0,3
acoustic,spotify:track:0BgbobvykXxEvxo2HhCuvM,0.6666666666666666,3
acoustic,spotify:track:4oiPC90DjIQXXgMMgbHK4G,0.6666666666666666,3
acoustic,spotify:track:3Jc0ABqhf9yMLn8bbAdmKX,0.6666666666666666,3
acoustic,spotify:track:1ivHxaGL5ld9VS1zsYc4YN,0.6666666666666666,3
acoustic,spotify:track:13HVjjWUZFaWilh2QUJKsP,0.6666666666666666,3
acoustic,spotify:track:5OiaAaIMYlCZONyDBxqk4G,0.6666666666666666,3
acoustic,spotify:track:7BVwi9cIzSc6tpyxsp47vJ,0.6666666666666666,3
acoustic,spotify:track:1dnXuEuApvuVqQCn0v9McL,0.6666666666666666,3
acoustic,spotify:track:0HLWvLKQWpFdPhgk6ym58n,0.6666666666666666,3
alt,spotify:track:4iEOVEULZRvmzYSZY2ViKN,0.75,4
alternative rock,spotify:track:1jNOi6m3Hn8nLEeHCp5Msr,1.0,2
alternative rock,spotify:track:7oK9VyNzrYvRFo7nQEYkWN,1.0,2
am,spotify:track:2kJqNHHGOzLNahukdvlDWN,1.0,2
am,spotify:track:1Ob94QesoxHSBrypyBbdfd,1.0,2
banda,spotify:track:3EjuEvxoNgHV6urIdPA4cl,1.0,2
bang bang,spotify:track:4JLcAU2xY90qTkTSNM1lUa,1.0,2
bangerz,spotify:track:7tr2za8SQg2CI8EDgrdtNl,1.0,2
bangerz,spotify:track:4iLqG9SeJSnt0cSPICSjxv,1.0,2
bangerz,spotify:track:3Ytr1SUCUi6J3L9dRFx5iH,1.0,2
bangerz,spotify:track:5bcTCxgc7xVfSaMV3RuVke,1.0,2
bangerz,spotify:track:0lMbuWUpfTWhEmOKxppEau,1.0,2
bangerz,spotify:track:3hBBKuWJfxlIlnd9QFoC8k,1.0,2
bangerz,spotify:track:0NiXXAI876aGImAd6rTj8w,1.0,2
beach,spotify:track:0El2Zyt68nYySFDG87hZgM,1.0,2
beach,spotify:track:5vLonpxn4VN0A8GtQOBSG0,1.0,2
beach,spotify:track:2TR7A4ulH9R1PNwMyd8o8U,1.0,2
beach,spotify:track:6yIMatK8OCXC3GuIlwHxuM,1.0,2
beach,spotify:track:1yEwEiTpsaPhQi9lb5EVV4,1.0,2
beach,spotify:track:6xzm6prZTb99kIrbblwQAU,1.0,2
beach,spotify:track:208bYsadJ56km31IENM2qS,1.0,2
beach,spotify:track:5PNcJn4oFNvlRfrZBHfqWh,1.0,2
beach,spotify:track:5kjyiH6but1t2UDXq15aeS,1.0,2
best of 2016,spotify:track:6JV2JOEocMgcZxYSZelKcc,1.0,2
best of 2016,spotify:track:14WWzenpaEgQZlqPq2nk4v,1.0,2
blues,spotify:track:1y58wFuYYnVsCnY8DsOELY,1.0,3
blues,spotify:track:1tMyqN7bNCokdg7jWgKPc8,1.0,3
blues,spotify:track:5ib3EGG06XUnUf7hzDnheL,1.0,3
blues,spotify:track:7tor1N7ix61iCkeR5Ebeqq,0.6666666666666666,3
blues,spotify:track:5zLvo9lek82KN9QKRpJojD,0.6666666666666666,3
blues,spotify:track:43OXbE9RMUNzcX5o7XdXA1,0.6666666666666666,3
blues,spotify:track:6OjJZrlz7E1n0oVKgiclE2,0.6666666666666666,3
blues,spotify:track:6KmnejQFYdWUVUJh6zwEce,0.6666666666666666,3
blues,spotify:track:1Mmk14hs9YUv6gGHMejagP,0.6666666666666666,3
blues,spotify:track:3X3P8wgRL2wsLoPtVFO41d,0.6666666666666666,3
broadway,spotify:track:3VHDIvoYPrOkUQmirAn5vr,1.0,2
broadway,spotify:track:3BvdyscylBbOhf0TL2S0yH,1.0,2
broadway,spotify:track:4TTV7EcfroSLWzXRY6gLv6,1.0,2
broadway,spotify:track:08hlFtp8y9S6YZmjBNvQ1I,1.0,2
bruno mars,spotify:track:4lLtanYk6tkMvooU0tWzG8,1.0,2
bruno mars,spotify:track:161DnLWsx1i3u1JT05lzqU,1.0,2
bruno mars,spotify:track:6b8Be6ljOzmkOmFslEb23P,1.0,2
bruno mars,spotify:track:6Z9FNZ414aQrT7k5zSTIKY,1.0,2
bruno mars,spotify:track:7hTINtDW5V8tWMJvi4HH7v,1.0,2
bruno mars,spotify:track:4rMNgxEwGWoPHIUcvB5BrB,1.0,2
bruno mars,spotify:track:5g7sDjBhZ4I3gcFIpkrLuI,1.0,2
bruno mars,spotify:track:4G2Hbfwvn3oH7LxxPXjjGn,1.0,2
bruno mars,spotify:track:0kN8xEmgMW9mh7UmDYHlJP,1.0,2
bruno mars,spotify:track:2qPUnoasNe4Ep43emVXEig,1.0,2
bruno mars,spotify:track:7l1qvxWjxcKpB9PCtBuTbU,1.0,2
bruno mars,spotify:track:3zQ4t4cmfM6DuP0j79POrV,1.0,2
bruno mars,spotify:track:0B7wvvmu9EISAwZnOpjhNI,1.0,2
bruno mars,spotify:track:0KKkJNfGyhkQ5aFogxQAPU,1.0,2
bruno mars,spotify:track:7BqBn9nzAq8spo5e7cZ0dJ,1.0,2
bruno mars,spotify:track:6SKwQghsR8AISlxhcwyA9R,1.0,2
bump,spotify:track:376KnY4TrgBITxjlnbnmIy,0.75,4
chill out,spotify:track:3WS7spXVlbeC5kjePmHMQW,0.6666666666666666,3
christmas,spotify:track:0bYg9bo50gSsH3LtXe2SQn,0.75,16
christmas,spotify:track:0lLdorYw7lVrJydTINhWdI,0.5625,16
christmas music,spotify:track:32OWobmyAz8J2qA8iWekyS,1.0,2
christmas music,spotify:track:3T7dNA7O8c3Axj5WyDNcH3,1.0,2
classic,spotify:track:1GqlvSEtMx5xbGptxOTTyk,0.6,5
classic,spotify:track:7o2CTH4ctstm8TNelqjb51,0.6,5
classic,spotify:track:43btz2xjMKpcmjkuRsvxyg,0.6,5
classic,spotify:track:7b4yGtR0rujvLi5EBfKKJ2,0.6,5
classic,spotify:track:24NwBd5vZ2CK8VOQVnqdxr,0.6,5
classic,spotify:track:6N1EjQjnvhOjFrF6oUmGPa,0.6,5
classic country,spotify:track:3HtCJiLV8GH87AViMtUKhO,1.0,2
classic country,spotify:track:3xx0jE52PbtvwXgNaBUdch,1.0,2
classic country,spotify:track:0tEygHq0JLIRwzxoWiHv9j,1.0,2
classic country,spotify:track:50PU05RTGva8laKDwxED9Y,1.0,2
classic country,spotify:track:4s9JGX0flu9KcxZziV3I0C,1.0,2
classic country,spotify:track:12TE7Vt592RcM1G3EaaZ0f,1.0,2
classic country,spotify:track:7uLQTOxQ3nwwoHuxwt2AHJ,1.0,2
classic country,spotify:track:3otZLoLcx2d74hx8RaHXh6,1.0,2
classic country,spotify:track:2uX5f3x2cObov0iDAPln4o,1.0,2
classic country,spotify:track:77dcKrzRUI02XjHd2okARp,1.0,2
classic country,spotify:track:10UIQSUilyh2ttlFeAaaPP,1.0,2
classic country,spotify:track:2rjeRpzY5eKn2zZMwAfuod,1.0,2
classic country,spotify:track:4qjmnM1aYvayCTDd0uuRKH,1.0,2
classic country,spotify:track:4G9eIyEcVwLoG7kYNFpSII,1.0,2
classic country,spotify:track:0UvxyH7s9gsp8dVL53gQg1,1.0,2
classic rock,spotify:track:63OFKbMaZSDZ4wtesuuq6f,1.0,3
classic rock,spotify:track:6kooDsorCpWVMGc994XjWN,1.0,3
classic rock,spotify:track:19uIXB2GaFqNcKPSrmjnvw,0.6666666666666666,3
classic rock,spotify:track:7990Xs9HQx7FXVIDVPEwj9,0.6666666666666666,3
classic rock,spotify:track:2ZBalNGwjqdKJd29O76wBV,0.6666666666666666,3
classic rock,spotify:track:2HHtWyy5CgaQbC7XSoOb0e,0.6666666666666666,3
classic rock,spotify:track:3YBZIN3rekqsKxbJc9FZko,0.6666666666666666,3
classic rock,spotify:track:2b9lp5A6CqSzwOrBfAFhof,0.6666666666666666,3
classic rock,spotify:track:3KhF2YiNpJvGpfiCW45R6D,0.6666666666666666,3
classic rock,spotify:track:0bVtevEgtDIeRjCJbK3Lmv,0.6666666666666666,3
classic rock,spotify:track:1W1GpfPujmgp2vQqcpUhtU,0.6666666666666666,3
classic rock,spotify:track:4DMKwE2E2iYDKY01C335Uw,0.6666666666666666,3
classic rock,spotify:track:6HSXNV0b4M4cLJ7ljgVVeh,0.6666666666666666,3
classic rock,spotify:track:4vO9dmzNRqDhFY3jD1a3P7,0.6666666666666666,3
classic rock,spotify:track:2RtnoUsvJg3wMgMeEhG6fr,0.6666666666666666,3
classic rock,spotify:track:2LawezPeJhN4AWuSB0GtAU,0.6666666666666666,3
classic rock,spotify:track:7fqhrLJzKHJ0RW32N0y2Gp,0.6666666666666666,3
classic rock,spotify:track:4aVuWgvD0X63hcOCnZtNFA,0.6666666666666666,3
classic rock,spotify:track:2ZSCy3P1QzpJySCWA6NRIU,0.6666666666666666,3
classic rock,spotify:track:1AhDOtG9vPSOmsWgNW0BEY,0.6666666666666666,3
classic rock,spotify:track:3BUQFs6aFWh7EFNmI8bfL7,0.6666666666666666,3
classic rock,spotify:track:310epXrlbXmfGcD1qSdgVV,0.6666666666666666,3
classic rock,spotify:track:5QTxFnGygVM4jFQiBovmRo,0.6666666666666666,3
classic rock,spotify:track:4CJVkjo5WpmUAKp3R44LNb,0.6666666666666666,3
classic rock,spotify:track:12A0IAyIegPcMStxpk47YM,0.6666666666666666,3
classic rock,spotify:track:3vV3cr2TpPqFk07zxYUbla,0.6666666666666666,3
classic rock,spotify:track:1qRA5BS78u3gME0loMl9AA,0.6666666666666666,3
classic rock,spotify:track:70YvYr2hGlS01bKRIho1HM,0.6666666666666666,3
classic rock,spotify:track:6gQUbFwwdYXlKdmqRoWKJe,0.6666666666666666,3
classic rock,spotify:track:4moXVLw4YS7tVNmjs8v60A,0.6666666666666666,3
classic rock,spotify:track:1fDsrQ23eTAVFElUMaf38X,0.6666666666666666,3
classic rock,spotify:track:3yrSvpt2l1xhsV9Em88Pul,0.6666666666666666,3
classic rock,spotify:track:5vdp5UmvTsnMEMESIF2Ym7,0.6666666666666666,3
classic rock,spotify:track:4OTw5splgMdlYklwHMHxLK,0.6666666666666666,3
classic rock,spotify:track:4BP3uh0hFLFRb5cjsgLqDh,0.6666666666666666,3
classic rock,spotify:track:7fSGbZLhWlAiCC3HDPAULu,0.6666666666666666,3
classic rock,spotify:track:7ChRGXHb05yIp1Sc43d37Z,0.6666666666666666,3
classic rock,spotify:track:57DKmLJBRI5ZtiCgLUQMZY,0.6666666666666666,3
classic rock,spotify:track:1UBQ5GK8JaQjm5VbkBZY66,0.6666666666666666,3
classic rock,spotify:track:1Y373MqadDRtclJNdnUXVc,0.6666666666666666,3
classic rock,spotify:track:7gXdAqJLCa5aYUeLVxosOz,0.6666666666666666,3
classics,spotify:track:3zByVQLvdXUaDTubfWkpCk,0.6,5
classics,spotify:track:2zvot9pY2FNl1E94kc4K8M,0.6,5
classics,spotify:track:2fuCquhmrzHpu5xcA1ci9x,0.6,5
classics,spotify:track:1AhDOtG9vPSOmsWgNW0BEY,0.6,5
classics,spotify:track:5MxNLUsfh7uzROypsoO5qe,0.6,5
classics,spotify:track:4BP3uh0hFLFRb5cjsgLqDh,0.6,5
corridos,spotify:track:1v87LT4kczXN1NRiHiZj0Z,1.0,2
corridos,spotify:track:3j1WurYpvW7IgHCATbiDdQ,1.0,2
corridos,spotify:track:7kyK2NSDfRE1612vdYuqIx,1.0,2
corridos,spotify:track:4WVB9AmaahfQvqH3ofY6OU,1.0,2
corridos,spotify:track:0H6SkFtOIMBHFJemeufrhC,1.0,2
corridos,spotify:track:4gWtM7g3ZlYvAmRiTStpLF,1.0,2
corridos,spotify:track:7nOm9zZmeWX8NohHdpEnjE,1.0,2
corridos,spotify:track:0wawMD27glHD2Ev0fM9OHJ,1.0,2
corridos,spotify:track:1MzaynkcGMRoECCuqhGalJ,1.0,2
corridos,spotify:track:7yAwyQ2np0KRjeXsGwirez,1.0,2
corridos,spotify:track:3LelC3hyAXYXQ55pX3wcwR,1.0,2
corridos,spotify:track:04xQwWed0vY358EKV23CkV,1.0,2
corridos,spotify:track:3nxgDgd1I9YPiTYCUgMWSd,1.0,2
corridos,spotify:track:5GTtj2q0psedXHdUnFG4z3,1.0,2
corridos,spotify:track:5JCxsnOKJ8CBbaG6yeqMQP,1.0,2
corridos,spotify:track:6FooQEHlzu2d38aZ9SjJvV,1.0,2
corridos,spotify:track:0l0DpvZQgeOfBcwRno8qBI,1.0,2
corridos,spotify:track:3EFZ9F9oP3zhXMUUgfskVU,1.0,2
country favorites,spotify:track:0Nu9WA8kEbBWEsay2s8Q0U,1.0,3
country favorites,spotify:track:6enPOmd3vSFpI4jjms8kXN,0.6666666666666666,3
country favorites,spotify:track:68Pux358EOhXmQqln37bj4,0.6666666666666666,3
country favorites,spotify:track:4hnK8P3v7kE7T4PMBYwRhu,0.6666666666666666,3
country favorites,spotify:track:3NpezR4c8LWZ4rHdfFDkYk,0.6666666666666666,3
country favorites,spotify:track:05ZACkzW8YbRq3eFgIfSNB,0.6666666666666666,3
country favorites,spotify:track:7vWGeYZJUzBXKGPro05UXS,0.6666666666666666,3
country favorites,spotify:track:4qjmnM1aYvayCTDd0uuRKH,0.6666666666666666,3
country favorites,spotify:track:2usybbJIyVPm1aeGK2bitr,0.6666666666666666,3
country favorites,spotify:track:5kNe7PE09d6Kvw5pAsx23n,0.6666666666666666,3
country favorites,spotify:track:7k0ahlHosIWblaaIsEqJ8M,0.6666666666666666,3
country favorites,spotify:track:03fT3OHB9KyMtGMt2zwqCT,0.6666666666666666,3
country favorites,spotify:track:5HGibWoxnkYSkl6mHmAlOE,0.6666666666666666,3
dat new new,spotify:track:2WQn7Yvs728KZmmY6tgWqH,1.0,2
dat new new,spotify:track:33z5crv3IO5U2BOi8xod92,1.0,2
dat new new,spotify:track:1yxgsra98r3qAtxqiGZPiX,1.0,2
dat new new,spotify:track:2771LMNxwf62FTAdpJMQfM,1.0,2
dat new new,spotify:track:4AFgK4wP1iD5i8BYaLr9Vf,1.0,2
dat new new,spotify:track:5kyd6oKvKmj6mWCaAaHoN4,1.0,2
dat new new,spotify:track:4knL4iPxPOZjQzTUlELGSY,1.0,2
disney,spotify:track:5VIfacsWytkcgr7aTt8Tql,0.8333333333333334,12
disney,spotify:track:28UMEtwyUUy5u0UWOVHwiI,0.75,12
disney,spotify:track:5k3U0OGYBccHdKJJu3HrUN,0.75,12
disney,spotify:track:7tUSJY4nsDBJTjd1UXKRsT,0.75,12
disney,spotify:track:6klpXs2uAjagnZMFkt4qkl,0.6666666666666666,12
disney,spotify:track:6oYkwjI1TKP9D0Y9II1GT7,0.6666666666666666,12
disney,spotify:track:0HU5JnVaKNTWf6GykV9Zn8,0.6666666666666666,12
disney,spotify:track:03xWMkKEbeO4SnylA53ipj,0.5833333333333334,12
disney,spotify:track:0TCt7OFRdD8PQ6vTRQxNgQ,0.5833333333333334,12
disney,spotify:track:2rm72l5pjfby1cWvPMUojI,0.5833333333333334,12
disney,spotify:track:6btdYzQ8eZFBrOlUKVHuz0,0.5833333333333334,12
disney,spotify:track:3wjgPeXocinhLyPL37p70e,0.5833333333333334,12
disney,spotify:track:3IPnBzGRMg6BfViFxxa0Gq,0.5833333333333334,12
drake,spotify:track:7MjSipTto9QljYzZnloXOn,1.0,2
drake,spotify:track:2durxb17bXcmQJHSt8JAdO,1.0,2
drake,spotify:track:6oF3Es1YzzmLKjGBfThUvD,1.0,2
drake,spotify:track:5InOp6q2vvx0fShv3bzFLZ,1.0,2
drake,spotify:track:2FbGlEPAjNhWvrVvlentVq,1.0,2
drake,spotify:track:6BdgtqiV3oXNqBikezwdvC,1.0,2
drake,spotify:track:1U4mweNwisxNj23ffuC9gO,1.0,2
drake,spotify:track:3IS2FoqSwKh1CMMEFk45wr,1.0,2
drake,spotify:track:63M8PK8yavNITSViKUB62p,1.0,2
drake,spotify:track:4LedC9uDxADBqr0N2Kw9cF,1.0,2
drake,spotify:track:7hDc8b7IXETo14hHIHdnhd,1.0,2
drake,spotify:track:4X5f3vT8MRuXF68pfjNte5,1.0,2
drake,spotify:track:4PA16FAl8LPmFmOhARawdV,1.0,2
drake,spotify:track:13e6f8t7RKXuxZ0JdaaJRG,1.0,2
drake,spotify:track:6UjfByV1lDLW0SOVQA4NAi,1.0,2
drake,spotify:track:7y6c07pgjZvtHI9kuMVqk1,1.0,2
drake,spotify:track:28irpKCCK9nn9DZSik2zEx,1.0,2
drake,spotify:track:1ID1QFSNNxi0hiZCNcwjUC,1.0,2
drake,spotify:track:2RwFo57JjznjveEqvBuRJX,1.0,2
drake,spotify:track:5mPSyjLatqB00IkPqRlbTE,1.0,2
drake,spotify:track:7bJ4mu7MHa3rHiNyKjOoSl,1.0,2
drake,spotify:track:3fpTMuD1u3gJlVI4FadVHs,1.0,2
drake,spotify:track:4BycRneKmOs6MhYG9THsuX,1.0,2
drake,spotify:track:60geMByGdlcGGMR5R5ZjHE,1.0,2
drake,spotify:track:4PWY72AubTjoZrohQt0pWn,1.0,2
drake,spotify:track:6KziiQUOoCmC7Kc7Rv4jar,1.0,2
drake,spotify:track:5nN8BwAQDJDguq7Dpd3JQQ,1.0,2
drake,spotify:track:4GVD0FIBo08FSAy3tbIY7g,1.0,2
drake,spotify:track:3C9UV0uRiF3DAKe1tCWIdU,1.0,2
drake,spotify:track:6rStvYTbbuye0Pjg1H6poR,1.0,2
drake,spotify:track:2FBUoWkIuQXwayw2RNo5l6,1.0,2
drake,spotify:track:46MFlm7p0Vqd0eXmLtDlN4,1.0,2
drake,spotify:track:5lFDtgWsjRJu8fPOAyJIAK,1.0,2
drake,spotify:track:6jdOi5U5LBzQrc4c1VT983,1.0,2
drake,spotify:track:31Q9ZTF9x81BDonlObCbvP,1.0,2
drake,spotify:track:2Gnsof1hvZzjE1xdLRpjtf,1.0,2
drake,spotify:track:047fCsbO4NdmwCBn8pcUXl,1.0,2
drake,spotify:track:3cBUv0RIoEyAm2b7qimEY6,1.0,2
drake,spotify:track:2ZRJRe82aZaVhOKKlbJr4v,1.0,2
drake,spotify:track:11KJSRSgaDxqydKYiD2Jew,1.0,2
drake,spotify:track:0faYOYKrE2vel4dQQqgXkf,1.0,2
drake,spotify:track:5mZJwWdxAOR4xUvSGZvvMU,1.0,2
drake,spotify:track:4v7SAP4KD96BFLWiCd1vF0,1.0,2
drake,spotify:track:76gUmNLXGQVOsGhfcshkFP,1.0,2
drake,spotify:track:0xl1w2q4VLojeXp4JfazPL,1.0,2
drake,spotify:track:433P7tDcIAi6NLnf4Sh6tI,1.0,2
drake,spotify:track:4Kz4RdRCceaA9VgTqBhBfa,1.0,2
drake,spotify:track:6lVJb47gQEh3PV585qgRoy,1.0,2
drake,spotify:track:4cRBqWBjuccCowYVHFlXK6,1.0,2
drake,spotify:track:5wUUWVRvrciJqFitZF8R0P,1.0,2
drake,spotify:track:5EnYT6F7wEcdege6mDHEfO,1.0,2
drake,spotify:track:1pF5hkdEGJv8xzLTvhy3PF,1.0,2
drake,spotify:track:6oLHyWvmk6bKrA91EIYZBp,1.0,2
drake,spotify:track:3ejrk4i0LWIofaaBEmwX0A,1.0,2
drake,spotify:track:2qLcJOLrh6Djda4uLbldSA,1.0,2
drake,spotify:track:3m62bJJXGyQKdR9XyRocnl,1.0,2
drake,spotify:track:4BhGTc3Cgay2U1QcTS7vQe,1.0,2
drake,spotify:track:3ptQ2qKjiGOIW1USCFXVtT,1.0,2
drake,spotify:track:46ymJU8Bt4i3nj91UV1WPk,1.0,2
drake,spotify:track:05KOgYg8PGeJyyWBPi5ja8,1.0,2
drake,spotify:track:0m1KYWlT6LhFRBDVq9UNx4,1.0,2
drake,spotify:track:6CfrYuD3YRDYdYvH9jNtXY,1.0,2
drake,spotify:track:10VBBaul4zVD0reteuIHM2,1.0,2
drake,spotify:track:2mmUoyPxzbxehpfm1TpTRK,1.0,2
drake,spotify:track:6HfOzLLjsaXsehIFEsrxTk,1.0,2
drake,spotify:track:2bjwRfXMk4uRgOD9IBYl9h,1.0,2
drake,spotify:track:6cT5orvyKqwghJp6KB9vG0,1.0,2
drake,spotify:track:5f5r2N4Lp9WoULWPH9zp2W,1.0,2
drake,spotify:track:2G7QCDuRM7rTj0pX21e0xk,1.0,2
drake,spotify:track:0B5OTb36fzLayn6XQHg5A1,1.0,2
drake,spotify:track:6j9iyrrmqWlQZ5SD1hSTaq,1.0,2
drake,spotify:track:3fyMH1t6UPeR5croea9PrR,1.0,2
drake,spotify:track:3kgqHVqfiabABjaFi9Tnhn,1.0,2
drake,spotify:track:27GmP9AWRs744SzKcpJsTZ,1.0,2
drake,spotify:track:3NxAG2ni1lLa8RKL6a0INc,1.0,2
drake,spotify:track:03L2AoiRbWhvt7BDMx1jUB,1.0,2
drake,spotify:track:74atKkOasLOVzvqB6mYgga,1.0,2
drake,spotify:track:2KvHC9z14GSl4YpkNMX384,1.0,2
drake,spotify:track:73tgFzBug5Ifk1Retdtwk7,1.0,2
drake,spotify:track:0PWQqF5PvqRq0OPLSH0FKI,1.0,2
drake,spotify:track:0PXp9QxBfSKGGpWUNaws2X,1.0,2
drake,spotify:track:6ImxYXeLDQPIv4qo7bMhSk,1.0,2
drake,spotify:track:2zYs4BonN2ydkbrRk333SN,1.0,2
drake,spotify:track:5e574bhjycX1eH2l4Auage,1.0,2
drake,spotify:track:5TqBAOIBe0bQA0spNdcG3k,1.0,2
drake,spotify:track:0llA0pYA6GpGk7fTjew0wO,1.0,2
drake,spotify:track:7udsBKuqnJ5csWTAkR0vEI,1.0,2
drake,spotify:track:7yfg0Eer6UZZt5tZ1XdsWz,1.0,2
drake,spotify:track:1y9g5UW31xBqvOi10tcXGX,1.0,2
drake,spotify:track:0jF2AdhsalO1L7KkhK4LE5,1.0,2
drake,spotify:track:46X8c9qJzpBLYcos3OX0CE,1.0,2
drake,spotify:track:11eVz92Nm7b2CTgA8OJVwp,1.0,2
drake,spotify:track:4xRxYWgAtL6pzRz94GlZlA,1.0,2
drake,spotify:track:1wZqJM5FGDEl3FjHDxDyQd,1.0,2
drake,spotify:track:2cx10hB95ygrUp2RsZW7Oh,1.0,2
drake,spotify:track:4zLOwx1yRJXWkHKt1XzF1p,1.0,2
drake,spotify:track:5oVlbbiKGdGeZkWCFy0mqk,1.0,2
drake,spotify:track:1QBwk6GTCxVdC2hoSw9tlM,1.0,2
drake,spotify:track:6F609ICg9Spjrw1epsAnpa,1.0,2
drake,spotify:track:0V4l4GQhgnWQGtCWpvA7va,1.0,2
drake,spotify:track:12d5QFwzh60IIHlsSnAvps,1.0,2
drake,spotify:track:76kyKtPLsFbQkdQ86QrkF4,1.0,2
drake,spotify:track:1kMuU3TNQvHbqvXCWBodmP,1.0,2
drake,spotify:track:4kNvYhyl8R6m1vykVkcuBu,1.0,2
drake,spotify:track:2XlHu0HcujBCkWMdIAvrqt,1.0,2
drake,spotify:track:6bqtKURdSWkInAJHDkuaL0,1.0,2
drake,spotify:track:32UIpKdyGzgTPTO8e5ge5c,1.0,2
drake,spotify:track:6kIh5c8x8vzOe6OKW1X59U,1.0,2
drake,spotify:track:6AaOtHsKd195ec0Y4kC9ER,1.0,2
drake,spotify:track:4IJ7ZoJ8z8cAIbqYShF3ZZ,1.0,2
drake,spotify:track:6n3HGiq4v35D6eFOSwqYuo,1.0,2
drake,spotify:track:6LxSe8YmdPxy095Ux6znaQ,1.0,2
drake,spotify:track:4kdfjhj9xNkYU0R8xlDy8k,1.0,2
drake,spotify:track:6kig1UFggPUyZBCvXD3Wod,1.0,2
drake,spotify:track:3Qu5bTS5AvgS0TpeGhQyfc,1.0,2
drake,spotify:track:6Z01gUquJsjJC67uNWm6P0,1.0,2
drake,spotify:track:0Y0TOsE1q11qgbi7c5WZsG,1.0,2
drake,spotify:track:2AGottAzfC8bHzF7kEJ3Wa,1.0,2
drake,spotify:track:1xznGGDReH1oQq0xzbwXa3,1.0,2
drake,spotify:track:4gowy3WT6D1yhMLgRBlf9C,1.0,2
drake,spotify:track:124NFj84ppZ5pAxTuVQYCQ,1.0,2
drake,spotify:track:7JXZq0JgG2zTrSOAgY8VMC,1.0,2
drake,spotify:track:1C7KSXR2GVxknex6I4ANco,1.0,2
drake,spotify:track:5i70f6KOnmtRCbutYnLvVC,1.0,2
drake,spotify:track:39liuGHPxn2sAyvO6DINor,1.0,2
drake,spotify:track:1HDaPtZuixue2q6VGNRdVO,1.0,2
drake,spotify:track:608a1wIsSd5KzMEqm1O7w3,1.0,2
drake,spotify:track:6FedhFiHb0KxTvOD1qEX8L,1.0,2
drake,spotify:track:0GR7iJLhj80KD5LkA14ZRn,1.0,2
drake,spotify:track:5tFep7dXGd7vEJ668wTPux,1.0,2
drake,spotify:track:1uDjaezEbalGyGnuH80zDK,1.0,2
drake,spotify:track:1zCi4cVFqe6ja16MeGZKRN,1.0,2
drake,spotify:track:24BSTATmWEmrPOgEM17bfN,1.0,2
drake,spotify:track:63p3Slj0shAFP0Q7dQetj5,1.0,2
drake,spotify:track:4eSGSqP2TZvvX0kadZZttM,1.0,2
drake,spotify:track:5bDEA48Dxyxoc3K4Dt7yRE,1.0,2
drake,spotify:track:4jtyUzZm9WLc2AdaJ1dso7,1.0,2
drake,spotify:track:3cjF2OFRmip8spwZYQRKxP,1.0,2
drake,spotify:track:3a8tAZFJxlmBwOtrf5L1oC,1.0,2
drake,spotify:track:1D9XLqQp2YYiOxrr5KLb8K,1.0,2
drake,spotify:track:5CDy1I6rSt6vXdqIb87A6f,1.0,2
drake,spotify:track:79XrkTOfV1AqySNjVlygpW,1.0,2
drake,spotify:track:5JUu0unA8VwhTZ9LkMWUVI,1.0,2
drake,spotify:track:14WWzenpaEgQZlqPq2nk4v,1.0,2
drake,spotify:track:2Na0z2gfN67Rzf0vp74Wi3,1.0,2
drake,spotify:track:7t1lBIr3WIEtqQEOdZFMUf,1.0,2
drake,spotify:track:343YBumqHu19cGoGARUTsd,1.0,2
drake,spotify:track:7tGlzXJv6GD5e5qlu5YmDg,1.0,2
drake,spotify:track:6V2D8Lls36APk0THDjBDfE,1.0,2
drake,spotify:track:2jTujnt0y344ai1rNOywgr,1.0,2
drake,spotify:track:7v0hKO3RYhEXt2EPXf4AOS,1.0,2
drake,spotify:track:2pwPtne9zCNTsyYZDLHxDf,1.0,2
drake,spotify:track:2YaDRtIlQiZ5WDDB2YuEOC,1.0,2
drake,spotify:track:5LZ0ZCRXrklIpnzn4Tcyde,1.0,2
drake,spotify:track:3ppVO2tyWRRznNmONvt7Se,1.0,2
drake,spotify:track:1OHoBC4icbuNhpSxP400sv,1.0,2
drake,spotify:track:75L0qdzRnhwV62UXoNq3pE,1.0,2
drake,spotify:track:4ckuS4Nj4FZ7i3Def3Br8W,1.0,2
drake,spotify:track:7sBwAWyXfiIgrYQ8BaJESH,1.0,2
drake,spotify:track:3d8PDk3B4am5c6TsUCznUW,1.0,2
drake,spotify:track:3aJkV6DUTSCqOwVwaBDG9B,1.0,2
drake,spotify:track:5NFYuqu8V6QXc6mzcLImd6,1.0,2
drake,spotify:track:2uTG00P1DkhB97pdITkl2O,1.0,2
drake,spotify:track:7jslhIiELQkgW9IHeYNOWE,1.0,2
drake,spotify:track:3FFcZZq3Z3EJrhUecwcMdG,1.0,2
easy listening,spotify:track:2y8Eez5cFFf2JzD546LThM,1.0,2
easy listening,spotify:track:4hHbeIIKO5Y5uLyIEbY9Gn,1.0,2
eminem,spotify:track:3CpoeW0cZSDzIRv5z34F87,1.0,3
eminem,spotify:track:6yr8GiTHWvFfi4o6Q5ebdT,1.0,3
eminem,spotify:track:64XdaHjuyOQmVRdqn7aCgB,1.0,3
eminem,spotify:track:4jY8Ey5uVOMKoKjq9u7X7O,1.0,3
eminem,spotify:track:0R8zDxhP2LaqQTeByPDWiS,1.0,3
eminem,spotify:track:2S9Hmv3pv86ScVA8XnFmOW,1.0,3
eminem,spotify:track:4hEl2wrneFEJbJ6SDYWd2f,1.0,3
eminem,spotify:track:6UaRii9AH6Zss9xNMEQ2M9,1.0,3
eminem,spotify:track:52JyHLUiugFECIYBWM2qdh,1.0,3
eminem,spotify:track:7n8UWYTawkrcC1KBsY5XRc,1.0,3
eminem,spotify:track:2wqRrl8N9ykR30rAe5gcCv,1.0,3
eminem,spotify:track:4SE4yewyGpOYfxfx59Yjc5,1.0,3
eminem,spotify:track:14WB9RMGcLvEKWNgPP22fV,1.0,3
eminem,spotify:track:6sDQ4uiWw9OdVrCXFLSlZt,1.0,3
eminem,spotify:track:561jH07mF1jHuk7KlaeF0s,1.0,3
eminem,spotify:track:1mavQ4WCzXSeL2Dm5DS4GQ,1.0,3
eminem,spotify:track:7w9bgPAmPTtrkt2v16QWvQ,1.0,3
eminem,spotify:track:5voKHxbIqgBU7fZMX8Lu0T,0.6666666666666666,3
eminem,spotify:track:31Q9ZTF9x81BDonlObCbvP,0.6666666666666666,3
eminem,spotify:track:0xzEDBVP6SmgByZePlbUvT,0.6666666666666666,3
eminem,spotify:track:3F14hbIqy1JKKLTb1mzdYV,0.6666666666666666,3
eminem,spotify:track:0mwXfPCm4AMaz9J0Cn7FXJ,0.6666666666666666,3
eminem,spotify:track:4dfAUJI1QesmK5HfK9gtYs,0.6666666666666666,3
eminem,spotify:track:069VGijrAsQVSY9ihFv1Px,0.6666666666666666,3
eminem,spotify:track:1aUT4xl8iiYNr6emik4qTB,0.6666666666666666,3
eminem,spotify:track:06aw4JI5nYa8XBeBKVrltZ,0.6666666666666666,3
eminem,spotify:track:3xVtc7PB4V3AqAfq4Iahli,0.6666666666666666,3
eminem,spotify:track:29Key5Lj0YlIMH8JzRDy6U,0.6666666666666666,3
eminem,spotify:track:7mliwEVqxIuwLmHdTXlBrx,0.6666666666666666,3
eminem,spotify:track:2ye824NM1m7Nc2UPXtwZjL,0.6666666666666666,3
eminem,spotify:track:5H4nA6WBNdsqOa4gNNdDCM,0.6666666666666666,3
eminem,spotify:track:3UmaczJpikHgJFyBTAJVoz,0.6666666666666666,3
eminem,spotify:track:7BMO7O7ImjV8HNTH74Tshv,0.6666666666666666,3
eminem,spotify:track:23wfXwnsPZYe5A1xXRHb3J,0.6666666666666666,3
eminem,spotify:track:0VZs2OQq4axr8GFRdC9nyD,0.6666666666666666,3
eminem,spotify:track:0nzsCN9rtXdugPoiIT49Kj,0.6666666666666666,3
eminem,spotify:track:30Gd3snWllczPbz2Gd0JMe,0.6666666666666666,3
eminem,spotify:track:7kNlRLC9PEH8nXMVawssMx,0.6666666666666666,3
eminem,spotify:track:5U8hKxSaDXB8cVeLFQjvwx,0.6666666666666666,3
eminem,spotify:track:1WJniFbKc95wCTwblH1mPm,0.6666666666666666,3
eminem,spotify:track:7jhskwvshBTaJ9EfMVZQqO,0.6666666666666666,3
eminem,spotify:track:3X4Oz9LjhhtgyOhVNlfoYa,0.6666666666666666,3
eminem,spotify:track:6q4XYddaLXrw1v23n4Ai4B,0.6666666666666666,3
eminem,spotify:track:6KqKg8IPuvtDB3PNAvffFf,0.6666666666666666,3
eminem,spotify:track:0l08dcPEqNEUhymVBext8h,0.6666666666666666,3
everything,spotify:track:5mPSyjLatqB00IkPqRlbTE,0.6666666666666666,3
everything,spotify:track:5dNfHmqgr128gMY2tc5CeJ,0.6666666666666666,3
everything,spotify:track:6F609ICg9Spjrw1epsAnpa,0.6666666666666666,3
everything,spotify:track:08zJpaUQVi9FrKv2e32Bah,0.6666666666666666,3
everything,spotify:track:1xznGGDReH1oQq0xzbwXa3,0.6666666666666666,3
everything,spotify:track:5NFYuqu8V6QXc6mzcLImd6,0.6666666666666666,3
everything,spotify:track:62vpWI1CHwFy7tMIcSStl8,0.6666666666666666,3
everything,spotify:track:5e574bhjycX1eH2l4Auage,0.6666666666666666,3
everything,spotify:track:79XrkTOfV1AqySNjVlygpW,0.6666666666666666,3
everything,spotify:track:3lSR267IJfT54p0Gfuw7mi,0.6666666666666666,3
favorite country,spotify:track:5aj0xPGiEUN3aI2oOYu14S,1.0,2
favorite country,spotify:track:3MykNWa65IP2VN1Qa6B9yK,1.0,2
favorite country,spotify:track:0p1HtkrNYxv0iDfEKwXSTp,1.0,2
favorite country,spotify:track:1TKlBK9cSrM5u4CiL4SETS,1.0,2
favorite country,spotify:track:03fT3OHB9KyMtGMt2zwqCT,1.0,2
favorite country,spotify:track:5HGibWoxnkYSkl6mHmAlOE,1.0,2
favorite songs,spotify:track:4RpsltwxERLiq6AXU39Dhx,0.6666666666666666,3
favorite songs,spotify:track:2h1IPjP471JJRSShTHRUhi,0.6666666666666666,3
for you,spotify:track:7CEV9VwA8XO9wwxTXgYKvY,0.6666666666666666,3
for you,spotify:track:5WObuDOxPHlQaoYUf2W4lh,0.6666666666666666,3
for you,spotify:track:23tDyaKIRBPXgwBwz1jE4K,0.6666666666666666,3
for you,spotify:track:0Qw7qGuXlVBZLcfoQ17yZn,0.6666666666666666,3
for you,spotify:track:5YqpHuXpFjDVZ7tY1ClFll,0.6666666666666666,3
for you,spotify:track:71O1jD7bF3cdMPvPi186V6,0.6666666666666666,3
for you,spotify:track:54KFQB6N4pn926IUUYZGzK,0.6666666666666666,3
for you,spotify:track:3Kj2EWpIBnvETsYq4cq0IH,0.6666666666666666,3
for you,spotify:track:4yTLzGr4hPiNWR8L88wTo6,0.6666666666666666,3
getting ready,spotify:track:7BKLCZ1jbUBVqRi2FVlTVw,0.6666666666666666,3
getting ready,spotify:track:5mPSyjLatqB00IkPqRlbTE,0.6666666666666666,3
getting ready,spotify:track:5dKyZWlgjWw1oJgLa4GCZD,0.6666666666666666,3
getting ready,spotify:track:0azC730Exh71aQlOt9Zj3y,0.6666666666666666,3
getting ready,spotify:track:6WhzFzROw3aq3rPWjgYlxr,0.6666666666666666,3
getting ready,spotify:track:6kbCH9kQoNzaEt1R1rizpR,0.6666666666666666,3
getting ready,spotify:track:0H8XeaJunhvpBdBFIYi6Sh,0.6666666666666666,3
getting ready,spotify:track:7GX5flRQZVHRAGd6B4TmDO,0.6666666666666666,3
getting ready,spotify:track:1VCHNbal0VtE2plMRzvoho,0.6666666666666666,3
getting ready,spotify:track:3eR23VReFzcdmS7TYCrhCe,0.6666666666666666,3
getting ready,spotify:track:4pLwZjInHj3SimIyN9SnOz,0.6666666666666666,3
getting ready,spotify:track:5XzmZjXhMjDHr7ZfJ6DELQ,0.6666666666666666,3
getting ready,spotify:track:5aAx2yezTd8zXrkmtKl66Z,0.6666666666666666,3
getting ready,spotify:track:4b4KcovePX8Ke2cLIQTLM0,0.6666666666666666,3
getting ready,spotify:track:51LIqkda3pTeECZUhMnool,0.6666666666666666,3
getting ready,spotify:track:5uDASfU19gDxSjW8cnCaBp,0.6666666666666666,3
go to,spotify:track:2c8sgbZoEanC3QyFNZxUcA,0.6666666666666666,3
good vibes,spotify:track:7BKLCZ1jbUBVqRi2FVlTVw,0.6666666666666666,3
good vibes,spotify:track:0tICYNayWWhH9GPeFrfjfD,0.6666666666666666,3
good vibes,spotify:track:0dA2Mk56wEzDgegdC6R17g,0.6666666666666666,3
good vibes,spotify:track:66hayvUbTotekKU3H4ta1f,0.6666666666666666,3
good vibes,spotify:track:4WjH9Bzt3kx7z8kl0awxh4,0.6666666666666666,3
good vibes,spotify:track:2FiSTH0GYpIioUgjfzMIja,0.6666666666666666,3
good vibes,spotify:track:1z15fhSgN6U2k4gqA1Zu4j,0.6666666666666666,3
good vibes,spotify:track:6O6M7pJLABmfBRoGZMu76Y,0.6666666666666666,3
good vibes,spotify:track:0vbbhcA6okLzvsy6WSTlLg,0.6666666666666666,3
good vibes,spotify:track:3DXncPQOG4VBw3QHh3S817,0.6666666666666666,3
good vibes,spotify:track:72jbDTw1piOOj770jWNeaG,0.6666666666666666,3
gospel mix,spotify:track:3fJ1I1XNSSs7BcLkOxSCUp,1.0,2
halloween,spotify:track:4YMQXzscifAREG0a7KNGhB,1.0,2
halloween,spotify:track:3S2R0EVwBSAVMd5UMgKTL0,1.0,2
halloween,spotify:track:5QTxFnGygVM4jFQiBovmRo,1.0,2
halloween,spotify:track:55NWdAwu1muDwDnSzGojjA,1.0,2
halloween,spotify:track:2E2ZVy2fxslpAUgbb4zu84,1.0,2
happy,spotify:track:1bp2IO61zbQrbWNmKKxg3f,0.6666666666666666,3
hip-hop,spotify:track:0SGkqnVQo9KPytSri1H6cF,1.0,2
hip-hop,spotify:track:2EEeOnHehOozLq4aS0n6SL,1.0,2
hip-hop,spotify:track:5hTpBe8h35rJ67eAWHQsJx,1.0,2
hip-hop,spotify:track:1xznGGDReH1oQq0xzbwXa3,1.0,2
hip-hop,spotify:track:7yyRTcZmCiyzzJlNzGC9Ol,1.0,2
hip-hop,spotify:track:0v9Wz8o0BT8DU38R4ddjeH,1.0,2
hits,spotify:track:4WjH9Bzt3kx7z8kl0awxh4,0.6,5
hoco,spotify:track:02M6vucOvmRfMxTXDUwRXu,1.0,2
hoco,spotify:track:4Kz4RdRCceaA9VgTqBhBfa,1.0,2
hoco,spotify:track:4P6BuLsqtg5uISdE77ypI9,1.0,2
hoco,spotify:track:5hgnY0mVcVetszbb85qeDg,1.0,2
hoco,spotify:track:5KY7zgFeH2GWoL1zP9mME6,1.0,2
hoco,spotify:track:2KpCpk6HjXXLb7nnXoXA5O,1.0,2
hoco,spotify:track:7kqcudBGM74MXVoYMaoWkC,1.0,2
hoco,spotify:track:7yyRTcZmCiyzzJlNzGC9Ol,1.0,2
hoco,spotify:track:1V4jC0vJ5525lEF1bFgPX2,1.0,2
hood,spotify:track:2771LMNxwf62FTAdpJMQfM,1.0,2
hood,spotify:track:3m4khUCvqSz5Rv2QS14rUh,1.0,2
hsm,spotify:track:4k9EAtZdZrzPlBUsFncXCZ,1.0,2
hsm,spotify:track:6jyXQ8HGI7ikECGA0670uo,1.0,2
hsm,spotify:track:3AWSwChgStOColFkXbwRnP,1.0,2
hsm,spotify:track:5m4RHs0THdfyn579MONxcV,1.0,2
hsm,spotify:track:5xmaFH9oMYg8SMMTndypEh,1.0,2
hsm,spotify:track:1QkBx7D64jHSalJEQLanwT,1.0,2
hsm,spotify:track:3Gf3Jsm0k6IPUkogQfKi7S,1.0,2
hsm,spotify:track:3RuXekS5criwismaaj87iF,1.0,2
hsm,spotify:track:4EnwhEyuVrC1CgvSur5YL4,1.0,2
hsm,spotify:track:6p6TjiJHc1kJQt5dXzkdrs,1.0,2
hsm,spotify:track:3KtzpxgZZzTPgNfkObCndB,1.0,2
hsm,spotify:track:6TRp2628QKH3kY6KrCnjqp,1.0,2
hsm,spotify:track:5SWfocxhAkjf3eg4lrv8vZ,1.0,2
hsm,spotify:track:3SMxd9vNy41n9Xk4UFw36S,1.0,2
hsm,spotify:track:1uHt85NYsb2JJ05FkAK6as,1.0,2
hsm,spotify:track:0IzIW2MSFdllQ7zFLbv1uS,1.0,2
hsm,spotify:track:6xguT5OygfmfFx2fyoTHQr,1.0,2
hype,spotify:track:5mPSyjLatqB00IkPqRlbTE,0.6666666666666666,3
hype,spotify:track:2AYTGaclgKXACh13nJRVcV,0.6666666666666666,3
hype,spotify:track:2eqUZAVXjK61mZqLl4LKJJ,0.6666666666666666,3
hype,spotify:track:4Km5HrUvYTaSUfiSGPJeQR,0.6666666666666666,3
hype,spotify:track:4ckuS4Nj4FZ7i3Def3Br8W,0.6666666666666666,3
in my feels,spotify:track:7DfFc7a6Rwfi3YQMRbDMau,1.0,2
in my feels,spotify:track:1mXVgsBdtIVeCLJnSnmtdV,1.0,2
in my feels,spotify:track:75ZvA4QfFiZvzhj2xkaWAh,1.0,2
in my feels,spotify:track:34ceTg8ChN5HjrqiIYCn9Q,1.0,2
in my feels,spotify:track:152lZdxL1OR0ZMW6KquMif,1.0,2
in my feels,spotify:track:4VuS959DSpr82t3qBqCrWG,1.0,2
jamz,spotify:track:7j56HrjR9cGzvekvZY3Faz,1.0,2
jamz,spotify:track:7lwYNEUrDP4thCD6nQ4nBv,1.0,2
jamz,spotify:track:5hTpBe8h35rJ67eAWHQsJx,1.0,2
jamz,spotify:track:2Inz7gGPGgieN0CTw9TOOs,1.0,2
jamz,spotify:track:4ckuS4Nj4FZ7i3Def3Br8W,1.0,2
jesus music,spotify:track:03wDiasOhgq9TMSIPskGr4,1.0,2
jesus music,spotify:track:6SdrlZFwXzbO51QtOldqy7,1.0,2
jesus music,spotify:track:4EHWldZTas5KUyFtT0rQlY,1.0,2
jesus music,spotify:track:6GQZ5WNHhqs6b0BD0lUK96,1.0,2
korean,spotify:track:08mBjtIMyRWBh4Y4ubOuiK,1.0,2
latin,spotify:track:69Ej1xrGjOcHvIMtMKxK0G,1.0,2
latin,spotify:track:4t5P16oxs3w2IUMp0xo4V7,1.0,2
latino,spotify:track:7LWNXhCVm6GWy2QGpogknU,1.0,2
latino,spotify:track:7Fl3wSxRqBljyQH8dJSz9c,1.0,2
latino,spotify:track:4aWmUDTfIPGksMNLV2rQP2,1.0,2
latino,spotify:track:2QBlGKAp4PquIGtA6iNAuJ,1.0,2
latino,spotify:track:7tA7IQiLWAqTXahUQ9RvfN,1.0,2
latino,spotify:track:7qCAVkHWZkF44OzOUKf8Cr,1.0,2
latino,spotify:track:32lm3769IRfcnrQV11LO4E,1.0,2
latino,spotify:track:1PtL0YQRtq3qxDGUSwZPJ5,1.0,2
latino,spotify:track:5BAmltzhQpFXtBddPN4sUf,1.0,2
latino,spotify:track:2FqoR7diymD1Eh7cVb3DMg,1.0,2
latino,spotify:track:54Em6QZvAxt1tblPNAqfD7,1.0,2
latino,spotify:track:1ASo4at1j2HwIZLujwl7yp,1.0,2
latino,spotify:track:6wHm04cn5HxK6pE2ITEdUS,1.0,2
latino,spotify:track:6stYbAJgTszHAHZMPxWWCY,1.0,2
latino,spotify:track:0OMRAvrtLWE2TvcXorRiB9,1.0,2
latino,spotify:track:5Fim1gaXBgsiFfsQAfQSDS,1.0,2
latino,spotify:track:6YZdkObH88npeKrrkb8Ggf,1.0,2
latino,spotify:track:5J1c3M4EldCfNxXwrwt8mT,1.0,2
litty,spotify:track:6p8NuHm8uCGnn2Dtbtf7zE,1.0,2
litty,spotify:track:59J5nzL1KniFHnU120dQzt,1.0,2
litty,spotify:track:1e1JKLEDKP7hEQzJfNAgPl,1.0,2
litty,spotify:track:2ZdCrBA52bb4pIG3tOOZiQ,1.0,2
litty,spotify:track:5hx4FpDZOnDVYlyoG3rMks,1.0,2
litty,spotify:track:43ZyHQITOjhciSUUNPVRHc,1.0,2
litty,spotify:track:2NyrXRn4tancYPW6JwtTl2,1.0,2
litty,spotify:track:2INqEk4ko5AsGVLBsiKiQe,1.0,2
litty,spotify:track:4cXe7l3Y5Wv2ZMGDOsxfyX,1.0,2
litty,spotify:track:2eAZfqOm4EnOF9VvN50Tyc,1.0,2
litty,spotify:track:1yxgsra98r3qAtxqiGZPiX,1.0,2
litty,spotify:track:2fQrGHiQOvpL9UgPvtYy6G,1.0,2
litty,spotify:track:1QgTBfRN5m81a5K01qens6,1.0,2
litty,spotify:track:1vc2YF7ZvUtwr45HNpdGch,1.0,2
litty,spotify:track:2nYwV62UABTH0NanrwVIdQ,1.0,2
litty,spotify:track:3uFmweGlFudKNiX13XFwFm,1.0,2
litty,spotify:track:0UioblV1x795s55Ur58c6c,1.0,2
litty,spotify:track:7KXjTSCq5nL1LoYtL7XAwS,1.0,2
litty,spotify:track:1uL78kFWxhz3umTMWJu8n5,1.0,2
litty,spotify:track:1XRgIKC5TPwo7nWGyKqgG0,1.0,2
litty,spotify:track:5tz69p7tJuGPeMGwNTxYuV,1.0,2
litty,spotify:track:4knL4iPxPOZjQzTUlELGSY,1.0,2
litty,spotify:track:7wGoVu4Dady5GV0Sv4UIsx,1.0,2
main playlist,spotify:track:46lFttIf5hnUZMGvjK0Wxo,1.0,2
may,spotify:track:6PGoSes0D9eUDeeAafB2As,0.6666666666666666,3
mellow,spotify:track:59tg0OPhiHlbsVZ9GFqUk5,1.0,2
mixtape,spotify:track:7GX5flRQZVHRAGd6B4TmDO,0.6666666666666666,3
mmm,spotify:track:1WhtxWwY7ra5rLrlHWWJaI,0.6666666666666666,3
morning,spotify:track:7M8jtZQTPhPK6EgwcOgujM,0.6666666666666666,3
musicals,spotify:track:4cxvludVmQxryrnx1m9FqL,0.75,4
musicals,spotify:track:5z46NBsndcpz5sdywfdqul,0.75,4
musicals,spotify:track:4TTV7EcfroSLWzXRY6gLv6,0.75,4
musicals,spotify:track:1bpnYrDCforv9ctJMzJRV8,0.75,4
musicals,spotify:track:3dP0pLbg9OfVwssDjp9aT0,0.75,4
musicals,spotify:track:2W9u3whoCkQYOUbmnSrHi1,0.75,4
musicals,spotify:track:2TK2KSrzXD6W01qjXVjNGh,0.75,4
my heart,spotify:track:7pJgjBf82BrUQ3z7HdQvW1,0.6666666666666666,3
my heart,spotify:track:74tQaH4CxM5Rs9BzerEbHr,0.6666666666666666,3
my heart,spotify:track:4wCD0qOFNRu1Q6O3N6ycm4,0.6666666666666666,3
my heart,spotify:track:0lYS1tJg3r6ATe9bRPB0Hu,0.6666666666666666,3
old school,spotify:track:1JClFT74TYSXlzpagbmj0S,0.75,4
older songs,spotify:track:6avxJ3kn6rkPE21X4fyg7q,1.0,2
oldies but goodies,spotify:track:45yEy5WJywhJ3sDI28ajTm,0.6,5
oldies but goodies,spotify:track:3H7sv3Krffn15BufUuXzf3,0.6,5
partay,spotify:track:1BltsyC5W3SAABdxyrDXwi,1.0,2
partay,spotify:track:5XJJdNPkwmbUwE79gv0NxK,1.0,2
party mix,spotify:track:2NBQmPrOEEjA8VbeWOQGxO,1.0,2
party mix,spotify:track:1lzr43nnXAijIGYnCT8M8H,1.0,2
party people,spotify:track:32OlwWuMpZ6b0aN2RZOeMS,1.0,2
party people,spotify:track:494OU6M7NOf4ICYb4zWCf5,1.0,2
party playlist,spotify:track:6RsWqX8zABZLhZydXxEFOm,0.6666666666666666,3
party playlist,spotify:track:4jtyUzZm9WLc2AdaJ1dso7,0.6666666666666666,3
party playlist,spotify:track:0Dc7J9VPV4eOInoxUiZrsL,0.6666666666666666,3
pole,spotify:track:1mjMXiWYKSJ5XmJCC0O9HJ,1.0,2
pole,spotify:track:7sBxoj9SBNKxVIcLiFxnwQ,1.0,2
pop,spotify:track:0QsvXIfqM0zZoerQfsI9lm,0.6,5
pregame,spotify:track:4w7yrP4RAeeyhfG9nJqQvS,0.5714285714285714,7
pump up,spotify:track:2HbKqm4o0w5wEeEFXm2sD4,1.0,2
pump up,spotify:track:1fLdeDTrJWNkwOeFyAVLvF,1.0,2
pump up,spotify:track:5lFDtgWsjRJu8fPOAyJIAK,1.0,2
pump up,spotify:track:2ZRJRe82aZaVhOKKlbJr4v,1.0,2
pump up,spotify:track:6jmTHeoWvBaSrwWttr8Xvu,1.0,2
pump up,spotify:track:0h6sfKXFb641F2E13rY4f2,1.0,2
pump up,spotify:track:5MD2QLnFM2ChpKAh33z0zr,1.0,2
pump up,spotify:track:4Ri31pnazSTnF439vC5tc3,1.0,2
pump up,spotify:track:6v2eEC9Nr9POe5xPUm8361,1.0,2
pump up,spotify:track:17AS0y6FnHdYImAPUydAJg,1.0,2
pump up,spotify:track:4cg1yakyRSIOjxKM2I7J1q,1.0,2
pump up,spotify:track:4KW1lqgSr8TKrvBII0Brf8,1.0,2
pump up,spotify:track:0GR7iJLhj80KD5LkA14ZRn,1.0,2
punk,spotify:track:0a7BloCiNzLDD9qSQHh5m7,0.6666666666666666,3
punk,spotify:track:4bPQs0PHn4xbipzdPfn6du,0.6666666666666666,3
punk,spotify:track:2l57cfmCnOkwNX1tky02n1,0.6666666666666666,3
punk,spotify:track:4dzOxPZFYX77xpMwv4EhnO,0.6666666666666666,3
punk,spotify:track:2TfSHkHiFO4gRztVIkggkE,0.6666666666666666,3
punk,spotify:track:18GC3F8YPGB8CePXcTUizQ,0.6666666666666666,3
punk,spotify:track:12qZHAeOyTf93YAWvGDTat,0.6666666666666666,3
punk,spotify:track:1oTo3ijRbaDAtrjJrGAPSw,0.6666666666666666,3
punk,spotify:track:0J69x3mqm7U6tBPKsjpsWR,0.6666666666666666,3
punk,spotify:track:3ZffCQKLFLUvYM59XKLbVm,0.6666666666666666,3
punk,spotify:track:68pN2UQYhwQgPy7VrCFKuV,0.6666666666666666,3
punk,spotify:track:1hIupFeRu3nmMcjbjxPnMc,0.6666666666666666,3
r&b classics,spotify:track:3nJjIYchBNkYm7B8XfJf5N,1.0,2
r&b classics,spotify:track:6hxn98poTu1O4YZfafvC18,1.0,2
r&b classics,spotify:track:5hF2LnbkpnXCkksMSeWcxZ,1.0,2
r&b classics,spotify:track:0DdpxWfVvUGgkJv5536tiF,1.0,2
r&b classics,spotify:track:5qrzhg9Fmu8Amg2uMhHfe5,1.0,2
r&b classics,spotify:track:6TlRNJaezOdzdECnQeRuMM,1.0,2
r&b classics,spotify:track:1NNDZc9BHaWe9JqIsPRlNV,1.0,2
r&b classics,spotify:track:1m2xMsxbtxv21Brome189p,1.0,2
r&b classics,spotify:track:47TqCCnEliDp8NRDyIQoQq,1.0,2
r&b classics,spotify:track:2yr2HnFYl7XvqJk4fXoQBt,1.0,2
r&b classics,spotify:track:0Zze3tFRSNwL6KllmYjLgZ,1.0,2
r&b classics,spotify:track:5RhzjsTmeksgv1hXMZFWYY,1.0,2
r&b classics,spotify:track:2tR3FMUgtCTWheiDNnLtMP,1.0,2
r&b classics,spotify:track:68vgtRHr7iZHpzGpon6Jlo,1.0,2
r&b classics,spotify:track:69QIVIjPMnI1ABLBqh9P1b,1.0,2
r&b classics,spotify:track:0pz6g8H4xbTgXSiE5Yqa7W,1.0,2
r&b classics,spotify:track:5IFCyWplye09HytIP80RCF,1.0,2
r&b classics,spotify:track:6iajHa34cSiD5s42Cq9miJ,1.0,2
r&b classics,spotify:track:7FWuzwapuKHTEyDJIcQOw3,1.0,2
r&b classics,spotify:track:5xV0Czdqefft6sPDqjmFBu,1.0,2
r&b classics,spotify:track:6cR1U61DMpYbS2TtNTlSvo,1.0,2
r&b classics,spotify:track:0DBIL8arX0Zo6eAuxNIpik,1.0,2
r&b classics,spotify:track:3OQu3z3okKVmWxSXTTHak5,1.0,2
r&b classics,spotify:track:2inBfDjYYj8jRHccLHJjSm,1.0,2
r&b classics,spotify:track:0ahRDzkKq0KEi7FRoHb0qk,1.0,2
r&b classics,spotify:track:2mp3sLUNQaJ025Lx5f4AAJ,1.0,2
rando,spotify:track:1BltsyC5W3SAABdxyrDXwi,1.0,2
reggaeton,spotify:track:5mVcyopMGY8dSpN1ZyaBUD,0.6666666666666666,3
reggaeton,spotify:track:7BD2gbspOxCgY0TaOsN3AQ,0.6666666666666666,3
roadtrip,spotify:track:3ZLyt2ndLFBh148XRYjYYZ,0.6666666666666666,3
september,spotify:track:7iDa6hUg2VgEL1o1HjmfBn,0.6666666666666666,3
slow jams,spotify:track:2CG9mGkKC6IQE5lEjDioEi,1.0,2
slow jams,spotify:track:3Xn6BioBEOrQnBN0yRrr4p,1.0,2
slow jams,spotify:track:0DBIL8arX0Zo6eAuxNIpik,1.0,2
slow jams,spotify:track:5LkcAjqj5NOctNGi2qUjlw,1.0,2
slow jamz,spotify:track:2U5NrHirVZusBLQlohTbnZ,1.0,2
songs i like,spotify:track:6Pi8GUiL7VqbPbU8IhHxyP,1.0,2
songs i like,spotify:track:3n69hLUdIsSa1WlRmjMZlW,1.0,2
spanish,spotify:track:3toP91RkMRQw7M0bScJ4F9,0.6,5
spanish jams,spotify:track:5N8nNuTmIzkZOfcxXlygUw,0.6666666666666666,3
spanish jams,spotify:track:3toP91RkMRQw7M0bScJ4F9,0.6666666666666666,3
spanish jams,spotify:track:7syG2WcnpcoJvxSZT9VbAa,0.6666666666666666,3
spanish jams,spotify:track:4zK05ecddIq3vfd08Aqi8y,0.6666666666666666,3
spanish jams,spotify:track:1BygxKyZjq2xjQiFMkSFGp,0.6666666666666666,3
spanish jams,spotify:track:7JIjUx3GsL0upxmNJacmtz,0.6666666666666666,3
spanish jams,spotify:track:1q8NdCAQ9QUjpYiqzdd3mv,0.6666666666666666,3
spanish jams,spotify:track:0S5eBnwtkuFB0TQTlVqW6C,0.6666666666666666,3
spanish jams,spotify:track:2biG396b4oY4gHJJRtjUIo,0.6666666666666666,3
spanish music,spotify:track:2EM9zpAc7PVeoAydmbfVIL,1.0,2
spanish music,spotify:track:2ZQB09LvHaOuMJBgCfOKHp,1.0,2
spanish music,spotify:track:1r28ZDlVxz24Rmy8Sq9REY,1.0,2
spanish music,spotify:track:7HJKzIgaNgDgo3p3a2ToR6,1.0,2
spanish music,spotify:track:0kQOWm8vYnQEb2gVWITaAA,1.0,2
spanish music,spotify:track:5ubqSAc9LxUS2CsMHcA4kF,1.0,2
spanish music,spotify:track:1TUrIxj0I1iBgVzVPZ2A9p,1.0,2
summer 17,spotify:track:6p8NuHm8uCGnn2Dtbtf7zE,1.0,2
summer 17,spotify:track:3Ytr1SUCUi6J3L9dRFx5iH,1.0,2
summer 17,spotify:track:3B54sVLJ402zGa6Xm4YGNe,1.0,2
summer 17,spotify:track:1jQsKN68yE94tMYml0wHMd,1.0,2
summer 2016,spotify:track:7BKLCZ1jbUBVqRi2FVlTVw,0.6,5
summer 2016,spotify:track:6JV2JOEocMgcZxYSZelKcc,0.6,5
summer 2016,spotify:track:2CPqh63wRVscbceKcPxwvv,0.6,5
summer 2016,spotify:track:2XMTqoHHSH0lvuXrvIEdco,0.6,5
summer 2016,spotify:track:0azC730Exh71aQlOt9Zj3y,0.6,5
summer 2016,spotify:track:4BHzQ9C00ceJxfG16AlNWb,0.6,5
summer 2k17,spotify:track:6PGoSes0D9eUDeeAafB2As,0.75,4
summer country,spotify:track:1qwnPVOIJjAFfCc40Etb1D,1.0,3
summer country,spotify:track:3JtmRIkVK95rmf4kWKA3ON,0.6666666666666666,3
summer country,spotify:track:0El2Zyt68nYySFDG87hZgM,0.6666666666666666,3
summer country,spotify:track:4ywOAZHkZ9HxIQLMOvJJHy,0.6666666666666666,3
summer country,spotify:track:69XcvSymPaTke2Qb6f3W6P,0.6666666666666666,3
summer country,spotify:track:1WzAeadSKJhqykZFbJNmQv,0.6666666666666666,3
summer country,spotify:track:0i5el041vd6nxrGEU8QRxy,0.6666666666666666,3
summer country,spotify:track:4x7Di9FZJXJoxHjLxjImmp,0.6666666666666666,3
summer country,spotify:track:3tHPjLBakLS48aumhFpJMt,0.6666666666666666,3
summer playlist,spotify:track:5LnslfFSyDEkBDIfK2s4m5,0.6666666666666666,3
take me back,spotify:track:2H3ZUSE54pST4ubRd5FzFR,1.0,2
take me back,spotify:track:5WwqdeavrQrbeAMDxGawse,1.0,2
take me back,spotify:track:1QEEqeFIZktqIpPI4jSVSF,1.0,2
take me back,spotify:track:0LN0ASTtcGIbNTnjSHG6eO,1.0,2
take me back,spotify:track:0J6mQxEZnlRt9ymzFntA6z,1.0,2
taylor swift,spotify:track:2n3CaPGPLYnYAvTEwKCX8t,1.0,2
tb,spotify:track:4fINc8dnfcz7AdhFYVA4i7,1.0,2
tb,spotify:track:67T6l4q3zVjC5nZZPXByU8,1.0,2
tb,spotify:track:5BoIP8Eha5hwmRVURkC2Us,1.0,2
tbt,spotify:track:1Je1IMUlBXcx1Fz0WE7oPT,0.6666666666666666,3
tbt,spotify:track:04KTF78FFg8sOHC1BADqbY,0.6666666666666666,3
tbt,spotify:track:6HePVKyIeL20JWLVthsU9c,0.6666666666666666,3
throwback,spotify:track:4E5P1XyAFtrjpiIxkydly4,0.5714285714285714,7
throwback,spotify:track:5oQcOu1omDykbIPSdSQQNJ,0.5714285714285714,7
throwbacks,spotify:track:7oK9VyNzrYvRFo7nQEYkWN,0.6666666666666666,6
throwbacks,spotify:track:1HwpWwa6bnqqRhK8agG4RS,0.6666666666666666,6
top hits,spotify:track:0QsvXIfqM0zZoerQfsI9lm,1.0,2
top hits,spotify:track:6hmhG1b4LEyNuashVvuIAo,1.0,2
top hits,spotify:track:4OZEu0Vwq0RB2LAq14v99n,1.0,2
top hits,spotify:track:6O6M7pJLABmfBRoGZMu76Y,1.0,2
vibin,spotify:track:5NuhZIx47GxB5DAXg8jWHN,0.6666666666666666,3
vibin,spotify:track:5uqphUYsR45kPYplrYSAQh,0.6666666666666666,3
vibin,spotify:track:2n5gVJ9fzeX2SSWlLQuyS9,0.6666666666666666,3
volleyball,spotify:track:62LHRv9uwSNlBmByQF5jdE,1.0,2
wedding playlist,spotify:track:53QF56cjZA9RTuuMZDrSA6,0.6666666666666666,3
wedding playlist,spotify:track:494OU6M7NOf4ICYb4zWCf5,0.6666666666666666,3
wedding playlist,spotify:track:3uhBIQ7tv8j1FME8cFGEfG,0.6666666666666666,3
wedding playlist,spotify:track:6FHXJu99aQAUnivEjPhuUR,0.6666666666666666,3
wedding playlist,spotify:track:0EMmVUYs9ZZRHtlADB88uz,0.6666666666666666,3
work out,spotify:track:7hsLKGEnoiNShdIGL6ws1f,0.6666666666666666,3
work out,spotify:track:6yr8GiTHWvFfi4o6Q5ebdT,0.6666666666666666,3
work out,spotify:track:0Zh5U48tZNeAzzLTV1CVBE,0.6666666666666666,3
yacht rock,spotify:track:37BTh5g05cxBIRYMbw8g2T,1.0,2
yacht rock,spotify:track:0s1aSsYlLIEiy16LjFWbdp,1.0,2
yeet,spotify:track:2EEeOnHehOozLq4aS0n6SL,1.0,2
yoga,spotify:track:41yIvlFgvGwxq8qTqAR7eG,0.6666666666666666,3
ðŸ”¥ðŸ”¥ðŸ”¥ðŸ”¥,spotify:track:4jTiyLlOJVJj3mCr7yfPQD,1.0,2
ðŸ”¥ðŸ”¥ðŸ”¥ðŸ”¥,spotify:track:1WoOzgvz6CgH4pX6a1RKGp,1.0,2
